{"graph": {"_type": "graph-file", "sha256": "1156d4576e376c64bb7e9a809c057bbc08739dfdf95bf8cccd8fc7832493e5b4", "size": 1582, "path": "media/graph/graph_summary_1156d4576e376c64bb7e.graph.json"}, "examples": {"_type": "images/separated", "width": 28, "height": 28, "format": "png", "count": 36, "filenames": ["media/images/examples_9_4fbebffb31031e11b24d.png", "media/images/examples_9_651b05129e76cc564ac8.png", "media/images/examples_9_c18d5aa9aabf8ce7ede5.png", "media/images/examples_9_ec6f9863e56f5ef6cdcc.png", "media/images/examples_9_09b7c1d02d00b24dd063.png", "media/images/examples_9_0788a1d5474cd01f850a.png", "media/images/examples_9_9ce75bbe3a8b1577e147.png", "media/images/examples_9_44aee0ed153b1589e077.png", "media/images/examples_9_43b4457b9c6503350667.png", "media/images/examples_9_ed4de34c9d3eb3d570ac.png", "media/images/examples_9_256844f8c880a85449ae.png", "media/images/examples_9_61767805f5ac764ed796.png", "media/images/examples_9_e01f7ee9692ce7c7aaab.png", "media/images/examples_9_5d7402cefe39e25cdeea.png", "media/images/examples_9_5e07064bdc41a11f1960.png", "media/images/examples_9_85155beef8cac13ae635.png", "media/images/examples_9_00433fd314116cb37d28.png", "media/images/examples_9_2fd1a2f2c71a4d349182.png", "media/images/examples_9_99afa7254b8dbddadc7b.png", "media/images/examples_9_b4b11e1156ba40650d67.png", "media/images/examples_9_b25465b9215e956d3102.png", "media/images/examples_9_aff03c0b7eb1d46116ac.png", "media/images/examples_9_1bec60ef3d41bbefe1a8.png", "media/images/examples_9_65be2d89651fe6561074.png", "media/images/examples_9_74e4183907322a7b1c53.png", "media/images/examples_9_e830a65c3ef395581471.png", "media/images/examples_9_aadb41cfba0a6d27d41e.png", "media/images/examples_9_d4c2c985a4745700d6ba.png", "media/images/examples_9_371c65225cc2f3186349.png", "media/images/examples_9_3debee04594f380f250d.png", "media/images/examples_9_dc340806618ccb9b7013.png", "media/images/examples_9_557178732bca0de9bc68.png", "media/images/examples_9_53d09613f7754a92c432.png", "media/images/examples_9_6cc45620ae8bdf3d02c5.png", "media/images/examples_9_78d4fe7ca3e9794d1603.png", "media/images/examples_9_3cb74c0a0b7eaab0404d.png"], "captions": [9, 9, 5, 1, 3, 0, 7, 3, 1, 4, 7, 4, 8, 8, 7, 4, 2, 6, 5, 2, 1, 7, 3, 8, 6, 2, 8, 5, 1, 8, 2, 7, 8, 1, 4, 9]}, "_timestamp": 1675200828.424564, "epoch": 9, "loss": 0.03072669915854931, "accuracy": 0.9900500178337097, "val_loss": 0.026283182203769684, "val_accuracy": 0.9907000660896301, "_runtime": 263.1926519870758, "_step": 9, "best_val_loss": 0.022657692432403564, "best_epoch": 8, "_wandb": {"runtime": 252}}