{"graph": {"_type": "graph-file", "sha256": "470a4b0425f2c30b36e626a0d1935eb1011fd0e06296e1273634dc0efe2602c7", "size": 1853, "path": "media/graph/graph_summary_470a4b0425f2c30b36e6.graph.json"}, "examples": {"_type": "images/separated", "width": 28, "height": 28, "format": "png", "count": 36, "filenames": ["media/images/examples_9_8ff422347f6921a5cd9b.png", "media/images/examples_9_92951172b7c2f9b93a1c.png", "media/images/examples_9_4ad27e356de03090e3df.png", "media/images/examples_9_7d8419af5282c9d851c5.png", "media/images/examples_9_b03decb928df4b92c72c.png", "media/images/examples_9_9544dd024f15c685f39a.png", "media/images/examples_9_5e8085c38b526ffd78be.png", "media/images/examples_9_dcf1daa14321023183c9.png", "media/images/examples_9_bbc0fe6c6b05882c1919.png", "media/images/examples_9_56dc03bca00547df03a9.png", "media/images/examples_9_4e05fb1ad72c6b53bb54.png", "media/images/examples_9_0371ca1dcac4766c905e.png", "media/images/examples_9_9045255e73860745b7a9.png", "media/images/examples_9_262371e1ac9fed4678c9.png", "media/images/examples_9_70ae1c9fd4ea3a8c23b8.png", "media/images/examples_9_2062d595b6b931802fab.png", "media/images/examples_9_63f368dfc2988044d441.png", "media/images/examples_9_022c0ee49dc0efa4e3dc.png", "media/images/examples_9_ac468a95fdeaa17db101.png", "media/images/examples_9_0fc2906f90017b4c30f2.png", "media/images/examples_9_2d187ae251decc04a4de.png", "media/images/examples_9_dc9dec56e711fa8c1a02.png", "media/images/examples_9_e840a4905bd95ba2674f.png", "media/images/examples_9_2034b2a40149a75c616e.png", "media/images/examples_9_ec65ac1083efaeecd20b.png", "media/images/examples_9_fc0af4e817382335b086.png", "media/images/examples_9_914671b0ebe87c3c7181.png", "media/images/examples_9_dace6981c08b540d95fa.png", "media/images/examples_9_894e80d419d812c7ebc6.png", "media/images/examples_9_e22edd73bea7a6df9ac9.png", "media/images/examples_9_13ac9771c5bfd9cf57a4.png", "media/images/examples_9_ac551ef8755c0b4780c6.png", "media/images/examples_9_dd1bd9dcbab1da872552.png", "media/images/examples_9_92f542bd745a94d9598b.png", "media/images/examples_9_b89dda93a2a7feb415fe.png", "media/images/examples_9_d6fb957d1e2865890dd9.png"], "captions": [4, 7, 6, 5, 8, 6, 3, 2, 8, 8, 5, 3, 4, 7, 5, 2, 1, 2, 2, 6, 3, 6, 5, 5, 8, 9, 2, 8, 2, 9, 2, 7, 1, 3, 0, 2]}, "_timestamp": 1675202837.5368829, "epoch": 9, "loss": 0.15169356763362885, "accuracy": 0.9432500004768372, "val_loss": 0.285282701253891, "val_accuracy": 0.9115000367164612, "_runtime": 359.06433176994324, "_step": 9, "best_val_loss": 0.2712720036506653, "best_epoch": 5, "_wandb": {"runtime": 321}}