{"graph": {"_type": "graph-file", "sha256": "b04d060c5245d590f13b214103345db427e179d4dd4e9e520d596970c7bc3ecc", "size": 607, "path": "media/graph/graph_summary_b04d060c5245d590f13b.graph.json"}, "examples": {"_type": "images/separated", "width": 28, "height": 28, "format": "png", "count": 36, "filenames": ["media/images/examples_9_cd58ea3e3538af071aab.png", "media/images/examples_9_c838bcb04ebc7372e700.png", "media/images/examples_9_b529cb07408fd58ddc52.png", "media/images/examples_9_02fd46ad0b6126815e53.png", "media/images/examples_9_951690c0b83d3cf523f8.png", "media/images/examples_9_5e6520b372c6966c203c.png", "media/images/examples_9_60013365e483e8ef5fd7.png", "media/images/examples_9_3056209a4f006243ffe7.png", "media/images/examples_9_a6e236da211241b7c44f.png", "media/images/examples_9_3ededc03d0210b662c5c.png", "media/images/examples_9_086f3431cdb571a3c9ad.png", "media/images/examples_9_534663ba52ee250074a8.png", "media/images/examples_9_5bc90ac5519fd9b2e171.png", "media/images/examples_9_954551a285a2b3e89a00.png", "media/images/examples_9_0be9b1a09ba904ca56e9.png", "media/images/examples_9_4ee8b0a8fd46fb3cf09b.png", "media/images/examples_9_7366efd4746ff83849f6.png", "media/images/examples_9_fe29210683f62761e209.png", "media/images/examples_9_145c789f5a9bddec018b.png", "media/images/examples_9_3b06c18eed3efbcac23b.png", "media/images/examples_9_af8560ddb6053e876372.png", "media/images/examples_9_593e3291c134a8f79052.png", "media/images/examples_9_8013815a7cf9ee20ae96.png", "media/images/examples_9_0c06751340802a682e0a.png", "media/images/examples_9_273a158e13a37bfed4fd.png", "media/images/examples_9_5a298a20f1c2e298897e.png", "media/images/examples_9_f20f3cd210c8ae1e1348.png", "media/images/examples_9_534cc79b89a93e1287ee.png", "media/images/examples_9_5f6ded8d67fecb921ba0.png", "media/images/examples_9_8305c5f4c9531dc4316d.png", "media/images/examples_9_fb998232f52af035aa5f.png", "media/images/examples_9_6eab0a03d8fe28b1444c.png", "media/images/examples_9_0302f7bb6a1d31d35579.png", "media/images/examples_9_0594833bea94824e9556.png", "media/images/examples_9_98dbd5361f8a9f4a1a4b.png", "media/images/examples_9_84acaa868d157c3749db.png"], "captions": [6, 9, 6, 9, 8, 1, 7, 3, 0, 3, 3, 2, 3, 3, 0, 4, 1, 2, 9, 2, 9, 6, 8, 5, 6, 0, 6, 7, 3, 1, 1, 1, 8, 7, 0, 0]}, "_timestamp": 1675189368.296201, "epoch": 9, "loss": 0.018559353426098824, "accuracy": 0.9942166805267334, "val_loss": 0.08311695605516434, "val_accuracy": 0.9774000644683838, "_runtime": 195.76326608657837, "_step": 9, "best_val_loss": 0.07030083239078522, "best_epoch": 6, "_wandb": {"runtime": 181}}