{"graph": {"_type": "graph-file", "sha256": "d56ce0d5fec421a3f1cb37dd3971e14e5219dc95cbe30e9e1e6603b6935a43d4", "size": 889, "path": "media/graph/graph_summary_d56ce0d5fec421a3f1cb.graph.json"}, "examples": {"_type": "images/separated", "width": 28, "height": 28, "format": "png", "count": 36, "filenames": ["media/images/examples_9_8f6295c6eb8a4f5bd6c8.png", "media/images/examples_9_7f9c9832b07053f1bfa3.png", "media/images/examples_9_62e1629c2e814de47219.png", "media/images/examples_9_7b9a367d3024d47e18fd.png", "media/images/examples_9_903c5a6ee91377d62e76.png", "media/images/examples_9_8f67725deea2a4bd06f7.png", "media/images/examples_9_770dcbb663b9efedfe75.png", "media/images/examples_9_5f27b36d541d63826e4e.png", "media/images/examples_9_b63d23e20e72ef0b9755.png", "media/images/examples_9_40eb08bcd03e68608499.png", "media/images/examples_9_58be248d5cab502c57d2.png", "media/images/examples_9_70cb9cf5fe9d2f005cc2.png", "media/images/examples_9_a573740fba4eeae1cae2.png", "media/images/examples_9_4621d0b38f2e0de669ec.png", "media/images/examples_9_2065be6475cc57335960.png", "media/images/examples_9_800059652efe712ce867.png", "media/images/examples_9_bd009cf73ea83fa0f03f.png", "media/images/examples_9_81b7ea555d7f0428ad53.png", "media/images/examples_9_ae9914ff24ed135fec20.png", "media/images/examples_9_f92a036d9b1ff03af52b.png", "media/images/examples_9_1abe7aa3266e1174123b.png", "media/images/examples_9_fad41b81a84bbac8cc84.png", "media/images/examples_9_bbff7b95436a76cc89b9.png", "media/images/examples_9_9212edf4aa7d697674af.png", "media/images/examples_9_c4ad10275999c7e62e63.png", "media/images/examples_9_dd0cbc49c033b7648497.png", "media/images/examples_9_8ad1b083a4f082f9a29c.png", "media/images/examples_9_c77806c159d128de0bde.png", "media/images/examples_9_aa58eb59e595a5e9446d.png", "media/images/examples_9_b1308fbfbec8fdb1430b.png", "media/images/examples_9_c80cd5bb5ce2d3c0672c.png", "media/images/examples_9_9d5950a73228cc446d1e.png", "media/images/examples_9_2c7e4eea10c11740fde5.png", "media/images/examples_9_0bfb3f283c68143920cf.png", "media/images/examples_9_f14c57d946a302c57542.png", "media/images/examples_9_abfec4bad6545e1cad2b.png"], "captions": [9, 6, 6, 8, 2, 4, 8, 5, 3, 6, 1, 5, 9, 5, 4, 2, 0, 0, 8, 8, 1, 4, 4, 3, 4, 9, 8, 6, 0, 5, 8, 7, 2, 5, 3, 0]}, "_timestamp": 1675192075.9612002, "epoch": 9, "loss": 0.06690014898777008, "accuracy": 0.9789167046546936, "val_loss": 0.06684168428182602, "val_accuracy": 0.9800000190734863, "_runtime": 200.7205891609192, "_step": 9, "best_val_loss": 0.06684168428182602, "best_epoch": 9, "_wandb": {"runtime": 190}}