{"graph": {"_type": "graph-file", "sha256": "a3cb8929110e39948c9609174c555b919172a79a7b7d42d865eb3c8485224650", "size": 939, "path": "media/graph/graph_summary_a3cb8929110e39948c96.graph.json"}, "examples": {"_type": "images/separated", "width": 28, "height": 28, "format": "png", "count": 36, "filenames": ["media/images/examples_9_5cd29f5e93fa19dfdb9d.png", "media/images/examples_9_29a370c22d8a3c579703.png", "media/images/examples_9_a221c1be3ca3a3e238d1.png", "media/images/examples_9_4d70f4243151dc32a914.png", "media/images/examples_9_a8e6963880b890e224c4.png", "media/images/examples_9_4677b17f5abb7d1d54e6.png", "media/images/examples_9_4d1169bb56101835deba.png", "media/images/examples_9_e0010d654b588be4e1a5.png", "media/images/examples_9_55c2740e6252b5bd25c3.png", "media/images/examples_9_c35645eadb46332bd95b.png", "media/images/examples_9_d41479e132f4fcaa42c9.png", "media/images/examples_9_6685d36db9c647725d7f.png", "media/images/examples_9_839d46b4a2e94a6823fd.png", "media/images/examples_9_2b54cade3c895e04392b.png", "media/images/examples_9_c5d16f79b50b19367ce7.png", "media/images/examples_9_00deee40f49deca95e7e.png", "media/images/examples_9_c68dc52fb5bd3893b1e8.png", "media/images/examples_9_07e4c99892b6af180313.png", "media/images/examples_9_a30d80c1b37f1b11fb21.png", "media/images/examples_9_1d692940746972b77438.png", "media/images/examples_9_6dffda50bedaa2570922.png", "media/images/examples_9_7836a23967a2ff920eba.png", "media/images/examples_9_7dd4c2c4e3c381f12fe1.png", "media/images/examples_9_56f07571b70e4b11297b.png", "media/images/examples_9_1f61cddf18c06c3053d1.png", "media/images/examples_9_59bb4311a3d749fe322a.png", "media/images/examples_9_ddfb9caaaa0762962302.png", "media/images/examples_9_aed82af2f04b11791fa5.png", "media/images/examples_9_920b6b371d5d3ebdff8e.png", "media/images/examples_9_00b8733b509102479dc1.png", "media/images/examples_9_83e7be7d3bbbdc047e60.png", "media/images/examples_9_09fce082c77452ce24a7.png", "media/images/examples_9_ea251f3bf49ba3c99ee1.png", "media/images/examples_9_69c249a935f25463a6d6.png", "media/images/examples_9_b385ca3dfc41995ca15c.png", "media/images/examples_9_878280f21804f6cc1a1a.png"], "captions": [5, 9, 6, 1, 4, 6, 6, 5, 8, 7, 9, 9, 1, 8, 2, 2, 0, 0, 7, 7, 2, 9, 4, 0, 5, 2, 8, 8, 4, 7, 2, 5, 6, 7, 3, 9]}, "_timestamp": 1675197834.6610298, "epoch": 9, "loss": 0.003636792069301009, "accuracy": 0.9990167021751404, "val_loss": 0.053916580975055695, "val_accuracy": 0.9875000715255737, "_runtime": 288.84696984291077, "_step": 9, "best_val_loss": 0.04058333858847618, "best_epoch": 4, "_wandb": {"runtime": 287}}