{"graph": {"_type": "graph-file", "sha256": "b1295d07336c131a7a18fc3eba64d50311d35d6040d9af0332ddc4301bb03c77", "size": 468, "path": "media/graph/graph_summary_b1295d07336c131a7a18.graph.json"}, "examples": {"_type": "images/separated", "width": 28, "height": 28, "format": "png", "count": 36, "filenames": ["media/images/examples_29_dfd94ce32bc572f86cc9.png", "media/images/examples_29_88c704245543fee9f418.png", "media/images/examples_29_7eb432a293c4e36d8d18.png", "media/images/examples_29_8381236ff51f9faaab05.png", "media/images/examples_29_9b69538818f4ee5b113f.png", "media/images/examples_29_a9a82d744749fdb974ae.png", "media/images/examples_29_72ac97411b088728f15f.png", "media/images/examples_29_873f058a07868e90bc26.png", "media/images/examples_29_d753002c1e8eb39d4689.png", "media/images/examples_29_20b33080195f7b51fc95.png", "media/images/examples_29_93b70aceae8e19c2bf96.png", "media/images/examples_29_74bb058bffb0694c7647.png", "media/images/examples_29_424cfa849129e0518cba.png", "media/images/examples_29_5f9ae1e09d85adbcf2c4.png", "media/images/examples_29_b64293f34d5dbbcc8edb.png", "media/images/examples_29_96e8c3724d7bb01e48d1.png", "media/images/examples_29_ac412727ea7520d20454.png", "media/images/examples_29_019915f1c7d0416afd09.png", "media/images/examples_29_216b1ffeabad94955a44.png", "media/images/examples_29_c47f95c693dd71e8a17f.png", "media/images/examples_29_4ae59b7528b95f780a10.png", "media/images/examples_29_e51dea74cb5691edb602.png", "media/images/examples_29_28fc977e86884d042d7f.png", "media/images/examples_29_4529fb0759098bb52acc.png", "media/images/examples_29_af51472d4e511a257a86.png", "media/images/examples_29_a251c819b5beb92efa3d.png", "media/images/examples_29_66ce3625b8cba94c9563.png", "media/images/examples_29_4e34d2ed3ad7360f1ff7.png", "media/images/examples_29_b7a780ba0394f2ed491a.png", "media/images/examples_29_2eef8b3ec602d6cdf730.png", "media/images/examples_29_4b7c75e46bfa091f1f8a.png", "media/images/examples_29_0ae21d59e96a9e538cb4.png", "media/images/examples_29_d434dde115928c149a92.png", "media/images/examples_29_9a52120cf4cb9d7687d6.png", "media/images/examples_29_41e317bb51bd6fb8312f.png", "media/images/examples_29_dd3c61837b23d382907e.png"], "captions": [1, 7, 1, 0, 4, 0, 0, 1, 0, 0, 0, 4, 0, 5, 0, 0, 4, 7, 7, 0, 7, 0, 5, 4, 0, 0, 7, 1, 0, 4, 5, 0, 0, 4, 1, 0]}, "_timestamp": 1675182677.668237, "epoch": 9, "loss": 0.06902343779802322, "accuracy": 0.4437499940395355, "val_loss": 0.06788814812898636, "val_accuracy": 0.4570000171661377, "_runtime": 1591.7015540599823, "_step": 29, "best_val_loss": 0.06766306608915329, "best_epoch": 7}