{"graph": {"_type": "graph-file", "sha256": "7c5d408a7f083af34b4108b5ac6b3f5df650e1d4ca4a272b167fb858d6874d35", "size": 1872, "path": "media/graph/graph_summary_7c5d408a7f083af34b41.graph.json"}, "examples": {"_type": "images/separated", "width": 28, "height": 28, "format": "png", "count": 36, "filenames": ["media/images/examples_9_476f3c28a54c79ea31dd.png", "media/images/examples_9_fd6840a11754bf95e465.png", "media/images/examples_9_696ee4813774d628d742.png", "media/images/examples_9_49b4eb621a690c4ec1e0.png", "media/images/examples_9_93b38ea93d7ff02f68aa.png", "media/images/examples_9_60e510b409da499bcf8e.png", "media/images/examples_9_a55aea2516a01947b142.png", "media/images/examples_9_741ee209ca1e77701ddd.png", "media/images/examples_9_ce25cbfa9eb2623590c0.png", "media/images/examples_9_ef679d2477cf5e8c3213.png", "media/images/examples_9_20b55ba8f8d7442df95b.png", "media/images/examples_9_1a6e1b441e856e8c3e39.png", "media/images/examples_9_ef83cf9482584deab940.png", "media/images/examples_9_08ca2d44ab04210beaa2.png", "media/images/examples_9_dad1e2ec13f6b89829dc.png", "media/images/examples_9_2f73c12a9eadb21d63c7.png", "media/images/examples_9_a424b3be3353cdcdd84a.png", "media/images/examples_9_e39c5c192ac6b0c72e78.png", "media/images/examples_9_adde4cd7da7f3eb4501f.png", "media/images/examples_9_b02044a694cdd5d1c3ef.png", "media/images/examples_9_4390223b7642a5c1113d.png", "media/images/examples_9_e74678a27e8258f122a3.png", "media/images/examples_9_d1da998c7c842f78440d.png", "media/images/examples_9_7a20a1dad65138040621.png", "media/images/examples_9_b96d53d2b38b5c5a3ccc.png", "media/images/examples_9_46715070d07659264157.png", "media/images/examples_9_b55ece2b8d1df4bfbf15.png", "media/images/examples_9_24685e0c1cc20e876b8d.png", "media/images/examples_9_911dadc5649290fce27c.png", "media/images/examples_9_f946c702f516eaec84ef.png", "media/images/examples_9_3f91d9a31499670235e9.png", "media/images/examples_9_57ba98bb251ba532c4aa.png", "media/images/examples_9_56eac091b7ee0c3f95e9.png", "media/images/examples_9_3187e644e9eee072dc66.png", "media/images/examples_9_59c79c3a1d48ab30c64d.png", "media/images/examples_9_c8354bf175a058dd0f4d.png"], "captions": [8, 6, 4, 6, 7, 3, 7, 1, 9, 8, 3, 2, 1, 6, 0, 9, 4, 0, 4, 5, 7, 0, 0, 0, 1, 8, 9, 7, 4, 9, 7, 9, 7, 0, 0, 0]}, "_timestamp": 1675203294.21487, "epoch": 9, "loss": 0.17684334516525269, "accuracy": 0.9356666803359985, "val_loss": 0.2780922055244446, "val_accuracy": 0.9056000709533691, "_runtime": 335.8215448856354, "_step": 9, "best_val_loss": 0.26753127574920654, "best_epoch": 8, "_wandb": {"runtime": 334}}