{"graph": {"_type": "graph-file", "sha256": "ef0cd9e3493d81768e4826fe3640ff1f75ffbfbf9923b064833c3bc8e52f769a", "size": 599, "path": "media/graph/graph_summary_ef0cd9e3493d81768e48.graph.json"}, "examples": {"_type": "images/separated", "width": 28, "height": 28, "format": "png", "count": 36, "filenames": ["media/images/examples_5_595b3ce5fd1ae3bee8af.png", "media/images/examples_5_ba40039044146b85ef0d.png", "media/images/examples_5_8334b2a8fae1c3928330.png", "media/images/examples_5_1bc763af5b8ec9784c2b.png", "media/images/examples_5_c49987e9ffdaf83b8298.png", "media/images/examples_5_29497e4d1577f469fc36.png", "media/images/examples_5_00e4e1d1f51c22d670b4.png", "media/images/examples_5_7ec8622b0b7078c61285.png", "media/images/examples_5_63cfd899b937bdb4c80b.png", "media/images/examples_5_10eb2e3993d41a685342.png", "media/images/examples_5_bd995520b505d4bd0919.png", "media/images/examples_5_bad6c7a8081366eca713.png", "media/images/examples_5_fdbf85fce06dc79dbf06.png", "media/images/examples_5_8013815a7cf9ee20ae96.png", "media/images/examples_5_b7deb50d60ea4dd24edb.png", "media/images/examples_5_c51ab87c6ec631e1c573.png", "media/images/examples_5_0835fcb6e20789cebcd0.png", "media/images/examples_5_3bd24cbad954b775ddc6.png", "media/images/examples_5_1fb6914f5e1071d14e71.png", "media/images/examples_5_a5f664930178e9248867.png", "media/images/examples_5_a98badc221db2146fdb7.png", "media/images/examples_5_f397126acb91cc01859d.png", "media/images/examples_5_d8d961509989986e15d6.png", "media/images/examples_5_8f06df56e6aad6ebdfb1.png", "media/images/examples_5_50a89ad9ddecf9d33a8b.png", "media/images/examples_5_353fe21c977d19b18a3d.png", "media/images/examples_5_fd990e523e5ad52df684.png", "media/images/examples_5_9c4d2dc17dc62021be9e.png", "media/images/examples_5_1471cd86eb0ec49f16ef.png", "media/images/examples_5_52b654e798a389cc5f38.png", "media/images/examples_5_e6bc6b7b3a5d18e52b38.png", "media/images/examples_5_0e6538ac0dd3e5449d7f.png", "media/images/examples_5_113a77d816dbd0d9305c.png", "media/images/examples_5_42b059582aac563c1cee.png", "media/images/examples_5_c35645eadb46332bd95b.png", "media/images/examples_5_9cddc55454b4236b26bd.png"], "captions": [2, 1, 7, 7, 9, 1, 8, 8, 6, 8, 4, 3, 5, 8, 9, 7, 2, 2, 2, 9, 5, 0, 9, 5, 7, 7, 7, 0, 6, 1, 4, 5, 7, 1, 7, 6]}, "_timestamp": 1675189131.743715, "epoch": 5, "loss": 0.04079969599843025, "accuracy": 0.9872833490371704, "val_loss": 0.07901658862829208, "val_accuracy": 0.9761000275611877, "_runtime": 239.87402415275574, "_step": 5, "best_val_loss": 0.07901658862829208, "best_epoch": 5, "_wandb": {"runtime": 274}}