{"graph": {"_type": "graph-file", "sha256": "7c9d0acb145c53e19d0d32ee95a2d8f25ae65606539c24d2d66265ba061f8001", "size": 1198, "path": "media/graph/graph_summary_7c9d0acb145c53e19d0d.graph.json"}, "examples": {"_type": "images/separated", "width": 28, "height": 28, "format": "png", "count": 36, "filenames": ["media/images/examples_9_19900494d74c34aa7778.png", "media/images/examples_9_9d005039778491c53dd4.png", "media/images/examples_9_f5082e333660617fd79f.png", "media/images/examples_9_a7f521cf38faa6de8abb.png", "media/images/examples_9_40e14ceca4e0b2783acc.png", "media/images/examples_9_f0a32cc4ed0cec6fed2f.png", "media/images/examples_9_5100611df7820013abe3.png", "media/images/examples_9_59d792296a32dff02582.png", "media/images/examples_9_3a371c5c54df8f1d3783.png", "media/images/examples_9_a8f4e2efe02018207959.png", "media/images/examples_9_96028584c84aac6bed1b.png", "media/images/examples_9_740645223c10be9fd1c0.png", "media/images/examples_9_9526fcaec796b74fd1a4.png", "media/images/examples_9_f08d1f44ebd5f56129a1.png", "media/images/examples_9_a15d23e80179e2df9f63.png", "media/images/examples_9_8f3b040f35df55467f37.png", "media/images/examples_9_30ce98dbd92e1b85b73b.png", "media/images/examples_9_abfa618eaa0e96c4a644.png", "media/images/examples_9_2329167d0ac816d01954.png", "media/images/examples_9_3a95f209329b09db8280.png", "media/images/examples_9_8513923a49f0fee7980a.png", "media/images/examples_9_67a9c6d28076c0165bac.png", "media/images/examples_9_dd2daf348386435f4d96.png", "media/images/examples_9_b9a8a88a5136d24f86be.png", "media/images/examples_9_7bc7fdeaea354a498373.png", "media/images/examples_9_5a1232b8874938f4b305.png", "media/images/examples_9_bb741f2ba0e20a60bc2d.png", "media/images/examples_9_f09df586fd4276ee63d7.png", "media/images/examples_9_b4c742df56c39c66dba9.png", "media/images/examples_9_8470dbad6fbf059318c6.png", "media/images/examples_9_d7c0e49e1bac1a456e06.png", "media/images/examples_9_1beb4fc00ff2c98bc57c.png", "media/images/examples_9_55c1f2f756bec1c468dc.png", "media/images/examples_9_fa26151abdce54a2b321.png", "media/images/examples_9_be1d7f72b2a7fd7cec3a.png", "media/images/examples_9_6ea6f629b79b216eac39.png"], "captions": [6, 3, 4, 5, 2, 3, 3, 8, 6, 3, 5, 9, 2, 0, 4, 7, 9, 3, 0, 3, 9, 0, 1, 9, 4, 8, 5, 1, 1, 1, 7, 7, 7, 0, 1, 8]}, "_timestamp": 1675202141.323837, "epoch": 9, "loss": 0.1465044617652893, "accuracy": 0.9439833164215088, "val_loss": 0.2514745593070984, "val_accuracy": 0.9175000190734863, "_runtime": 250.74175214767456, "_step": 9, "best_val_loss": 0.23693661391735077, "best_epoch": 7, "_wandb": {"runtime": 249}}